mag,GTDB-tk_domain,GTDB-tk_phylum,GTDB-tk_class,GTDB-tk_order,GTDB-tk_family,GTDB-tk_genus,GTDB-tk_species,CHECKM_completeness,CHECKM_contamination,max.growth,max.growth.minmedia,minmedia.n.mets,C.total,num.minmedia.C.mets,growth.yield,rk.index,rk.strategy,doubling.time.minmedia
3300002450_23,Archaea,Crenarchaeota,Bathyarchaeia,B26-1,UBA233,Unclassified UBA233,Unclassified UBA233,94.39,3.27,19.79590284,0.676951761,15,7584.369514,5,0.089256168,-0.519834035,r-strategist,1.340768001
3300009100_61,Archaea,Crenarchaeota,Nitrososphaeria,Nitrososphaerales,Nitrososphaeraceae,Unclassified Nitrososphaeraceae,Unclassified Nitrososphaeraceae,75.24,0.97,29.5368259,0.907003931,14,7925.063399,4,0.11444753,-0.381724415,r-strategist,1.073758838
3300000216_26,Archaea,Crenarchaeota,Nitrososphaeria,Nitrososphaerales,Nitrosopumilaceae,Nitrosopumilus,Unclassified Nitrosopumilus,81.38,3.88,20.70046261,0.347887101,17,2678.055739,8,0.12990286,-0.441852973,r-strategist,2.321803545
3300012250_1,Archaea,Halobacterota,Halobacteria,Halobacteriales,Haloferacaceae,Halolamina,Halolamina sp000224475,86.72,2.09,23.98137309,0.43991185,21,6108.396167,12,0.07201757,-0.420014629,r-strategist,1.901211189
3300005300_19,Archaea,Crenarchaeota,Nitrososphaeria,Caldiarchaeales,Caldiarchaeaceae,Caldiarchaeum,Unclassified Caldiarchaeum,97.09,2.02,44.70743943,0.645171231,12,3059.202166,4,0.210895258,-0.2641982,r-strategist,1.392296633
3300013136_175,Archaea,Nanoarchaeota,Nanoarchaeia,Pacearchaeales,GW2011-AR1,Unclassified GW2011-AR1,Unclassified GW2011-AR1,59.27,0.0,24.14823463,0.958520749,12,6042.257635,4,0.158636193,-0.215936211,r-strategist,1.031178281
3300013876_5,Archaea,Halobacterota,NRA6,NRA6,NRA6,UBA10521,Unclassified UBA10521,92.46,1.96,26.995473,0.326110228,21,4424.186417,11,0.073710779,-0.577711893,r-strategist,2.455791463
3300013885_10,Archaea,Thermoplasmatota,Thermoplasmata,Methanomassiliicoccales,Methanomethylophilaceae,UBA9915,UBA9915 sp9915u,94.76,0.0,57.25664964,0.523430932,22,13092.68047,12,0.039978898,-0.600128555,r-strategist,1.64656731
3300005298_17,Archaea,Halobacterota,Archaeoglobi,Archaeoglobales,Archaeoglobaceae,Archaeoglobus,Unclassified Archaeoglobus,99.35,0.65,24.33434554,0.554915528,15,2880.025938,5,0.192677267,-0.271972639,r-strategist,1.570262478
3300013392_9,Archaea,Altiarchaeota,Altiarchaeia,SCGC-AAA252-I15,Unclassified SCGC-AAA252-I15,Unclassified SCGC-AAA252-I15,Unclassified SCGC-AAA252-I15,60.93,0.93,31.26389713,2.219703899,14,39359.83102,4,0.056395158,-0.300403144,r-strategist,0.592793522
3300012028_6,Archaea,Halobacterota,Halobacteria,Halobacteriales,Haloferacaceae,Halohasta,Halohasta litchfieldiae,53.85,0.38,35.88095875,0.348209512,22,8068.432483,11,0.043157021,-0.781715222,r-strategist,2.319944958
3300010286_29,Archaea,Euryarchaeota,Methanobacteria,Methanobacteriales,Methanobacteriaceae,Methanobacterium,Methanobacterium sp000499765,97.33,0.0,22.9170964,0.795736156,12,2736.491802,2,0.290786969,-0.334625973,r-strategist,1.184026919
3300003483_3,Archaea,Crenarchaeota,Thermoprotei,Thermoproteales,Thermocladiaceae,Thermocladium,Thermocladium sp001516585,95.22,0.74,14.77125093,0.878628797,14,5629.721387,3,0.156069677,-0.385754781,r-strategist,1.099287626
3300012170_6,Archaea,Halobacterota,Halobacteria,Halobacteriales,Natrialbaceae,Haloarchaeobius,Unclassified Haloarchaeobius,94.32,0.4,23.80449806,0.518803335,13,4460.930665,4,0.11629935,-0.617359964,r-strategist,1.658553378
3300014911_50,Archaea,Crenarchaeota,Methanomethylicia,Methanomethyliales,Unclassified Methanomethyliales,Unclassified Methanomethyliales,Unclassified Methanomethyliales,81.1,1.4,15.77045858,1.051092829,13,10356.11634,3,0.101494884,-0.494793519,r-strategist,0.96488514
3300012182_8,Archaea,Halobacterota,Halobacteria,Halobacteriales,Natrialbaceae,Haloarchaeobius,Unclassified Haloarchaeobius,95.12,0.4,10.82448969,0.8130573,17,30542.24908,6,0.026620741,-0.886507457,r-strategist,1.164924784
3300011187_9,Archaea,Halobacterota,Halobacteria,Halobacteriales,Haloferacaceae,Halorubrum,Halorubrum lacusprofundi,78.16,0.29,17.55530263,0.319710783,14,5008.278058,5,0.063836468,-0.991203861,r-strategist,2.498614551
3300000041_2,Archaea,Crenarchaeota,Nitrososphaeria,Nitrososphaerales,Nitrososphaeraceae,Unclassified Nitrososphaeraceae,Unclassified Nitrososphaeraceae,80.91,2.91,25.25181595,0.520512455,14,4820.143079,5,0.10798693,-0.551227674,r-strategist,1.654102014
3300015214_65,Archaea,Crenarchaeota,Bathyarchaeia,B26-1,UBA233,Unclassified UBA233,Unclassified UBA233,85.44,1.87,34.77809023,0.404915814,16,4997.046491,6,0.081031028,-0.705832663,r-strategist,2.038803806
3300001580_38,Archaea,Halobacterota,Methanocellia,Methanocellales,UBA148,UBA148,UBA148 sp002495885,85.46,2.29,28.74841036,0.740404457,13,16426.91905,4,0.045072631,-0.874558077,r-strategist,1.250902814
3300009503_170,Archaea,Crenarchaeota,Korarchaeia,Korarchaeales,Korarchaeaceae,Korarchaeum,Korarchaeum cryptofilum,89.34,1.4,23.05639103,0.412531953,26,6018.770961,15,0.068540896,-0.372501373,r-strategist,2.00688964
3300017513_23,Archaea,Hadarchaeota,Hadarchaeia,Unclassified Hadarchaeia,Unclassified Hadarchaeia,Unclassified Hadarchaeia,Unclassified Hadarchaeia,86.05,3.3,50.4677494,0.837486555,17,11333.66935,7,0.073893682,-0.363316811,r-strategist,1.139297725
3300018019_17,Archaea,Halobacterota,Methanomicrobia,Methanomicrobiales,Methanoregulaceae,Methanoregula,Unclassified Methanoregula,79.34,0.0,34.2026317,0.482042401,13,5113.662529,3,0.094265587,-0.865440328,r-strategist,1.761845299
3300017940_19,Archaea,Thermoplasmatota,Thermoplasmata,UBA184,UBA184,UBA184,UBA184 sp002503985,88.8,3.2,15.4126314,0.766115994,14,3994.068365,5,0.19181344,-0.133856432,r-strategist,1.218650077
3300017470_21,Archaea,Halobacterota,Methanomicrobia,Methanomicrobiales,Methanomicrobiaceae,LKUD01,Unclassified LKUD01,99.08,0.0,28.13682266,0.555516599,17,7352.459303,7,0.075555209,-0.531940509,r-strategist,1.568888835
3300010280_44,Archaea,Thermoplasmatota,Thermoplasmata,Methanomassiliicoccales,Methanomethylophilaceae,ISO4-G1,Unclassified ISO4-G1,66.12,0.81,35.24255934,0.50047129,17,4926.75932,7,0.101582249,-0.448704969,r-strategist,1.708187831
3300020362_26,Archaea,Crenarchaeota,Nitrososphaeria,Nitrososphaerales,Nitrosopumilaceae,Nitrosopelagicus,Nitrosopelagicus sp001627235,86.0,0.97,17.16458622,0.628758369,13,6300.300723,2,0.099798152,-0.901363726,r-strategist,1.420913533
3300005062_15,Archaea,Halobacterota,Archaeoglobi,Archaeoglobales,Archaeoglobaceae,Archaeoglobus,Archaeoglobus fulgidus,73.92,0.65,34.93627911,0.575431911,11,7348.856039,2,0.078302243,-1.045201859,r-strategist,1.524977444
3300010285_29,Archaea,Euryarchaeota,Methanobacteria,Methanobacteriales,Methanobacteriaceae,Methanobacterium,Methanobacterium sp000499765,90.13,0.0,7.221354504,0.994562363,15,7176.322228,5,0.138589424,-0.161667886,r-strategist,1.003943256
3300000212_24,Archaea,Crenarchaeota,Nitrososphaeria,Nitrososphaerales,Nitrosopumilaceae,Nitrosopumilus,Unclassified Nitrosopumilus,76.05,0.32,18.39600064,0.417013842,14,1845.760824,5,0.225930596,-0.326904477,r-strategist,1.98864938
3300014786_22,Archaea,Crenarchaeota,Thermoprotei,Thermoproteales,Thermoproteaceae,Pyrobaculum,Pyrobaculum calidifontis,75.57,0.74,11.13409138,0.356743428,20,7014.04143,11,0.050861323,-0.699863679,r-strategist,2.271963478
3300013010_15,Archaea,Crenarchaeota,Thermoprotei,Sulfolobales,Sulfolobaceae,Sulfolobus,Sulfolobus islandicus,97.02,3.61,23.01640887,0.441207705,13,885.7131698,3,0.498138359,-0.180885671,r-strategist,1.896531787
3300010167_113,Archaea,Halobacterota,Methanosarcinia,Methanosarcinales,Methanosarcinaceae,Unclassified Methanosarcinaceae,Unclassified Methanosarcinaceae,82.56,2.29,34.42356341,0.484745264,18,2812.100394,9,0.172378363,-0.123761163,r-strategist,1.753723148
3300017389_32,Archaea,Crenarchaeota,Nitrososphaeria,Nitrososphaerales,Unclassified Nitrososphaerales,Unclassified Nitrososphaerales,Unclassified Nitrososphaerales,56.72,0.0,17.18148406,0.405878745,14,3676.736884,5,0.110391023,-0.64969993,r-strategist,2.034703208
3300017398_45,Archaea,Nanoarchaeota,Nanoarchaeia,Unclassified Nanoarchaeia,Unclassified Nanoarchaeia,Unclassified Nanoarchaeia,Unclassified Nanoarchaeia,79.91,0.0,8.416566938,0.458727488,13,3797.147332,4,0.120808451,-0.654287928,r-strategist,1.835837936
3300000255_10,Archaea,Thermoplasmatota,Poseidoniia,Poseidoniales,Thalassoarchaeaceae,MGIIb-O2,MGIIb-O2 sp002494975,83.2,4.8,34.75313028,1.085069737,15,31251.69591,7,0.034720347,-0.578860248,r-strategist,0.943311118
3300005067_16,Archaea,Halobacterota,Archaeoglobi,Archaeoglobales,Archaeoglobaceae,Archaeoglobus,Archaeoglobus fulgidus,78.27,0.0,38.25938384,0.200266776,17,2171.95969,8,0.092205568,-0.830543959,r-strategist,3.797154473
3300005256_6,Archaea,Thermoplasmatota,Thermoplasmata,Thermoplasmatales,GCA-001856825,Unclassified GCA-001856825,Unclassified GCA-001856825,92.34,4.03,16.56225559,0.727026129,15,3567.754048,5,0.203776976,-0.130324864,r-strategist,1.268568818
3300017470_48,Archaea,Thermoplasmatota,E2,JdFR-43,JdFR-43,Unclassified JdFR-43,Unclassified JdFR-43,65.87,0.86,29.78073367,0.504732236,15,1869.517637,6,0.269979927,-0.08745623,r-strategist,1.696333316
3300013123_93,Archaea,Iainarchaeota,Iainarchaeia,Iainarchaeales,0-14-0-20-34-12,Unclassified 0-14-0-20-34-12,Unclassified 0-14-0-20-34-12,76.64,1.87,11.34949495,0.558108788,13,3230.111887,2,0.172783113,-0.714749848,r-strategist,1.562998286
3300021471_32,Archaea,Halobacterota,Syntrophoarchaeia,ANME-1,ANME-1,ANME1a,ANME1a sp003194425,58.49,0.68,32.32349951,1.051553409,17,10822.61824,6,0.097162571,-0.212518418,r-strategist,0.964583659
3300025690_38,Archaea,Crenarchaeota,Nitrososphaeria,Nitrososphaerales,Nitrosopumilaceae,Nitrosopumilus,Unclassified Nitrosopumilus,90.33,0.0,21.17562247,0.439034271,17,6008.637794,8,0.073067189,-0.590689192,r-strategist,1.904395713
3300025547_47,Archaea,Nanoarchaeota,Nanoarchaeia,SCGC-AAA011-G17,UBA489,Unclassified UBA489,Unclassified UBA489,56.07,0.0,10.03430837,0.470786517,20,13112.02,10,0.035904957,-0.77202157,r-strategist,1.796661548
3300025545_30,Archaea,Crenarchaeota,Nitrososphaeria,Nitrososphaerales,Nitrosopumilaceae,Nitrosopumilus,Unclassified Nitrosopumilus,73.99,1.94,11.61507113,0.181823704,14,3633.925125,4,0.050035072,-1.439014984,r-strategist,4.149122103
3300023113_5,Archaea,Nanohaloarchaeota,Nanosalinia,Nanosalinales,Nanosalinaceae,Unclassified Nanosalinaceae,Unclassified Nanosalinaceae,60.9,0.0,33.24161515,0.822002555,13,7196.993017,4,0.114214722,-0.425344755,r-strategist,1.155368153
3300025739_23,Archaea,Halobacterota,Bog-38,Bog-38,Bog-38,Bog-38,Unclassified Bog-38,64.33,1.96,12.09259494,0.264364214,16,11285.99565,6,0.023424093,-1.429983296,r-strategist,2.954977016
3300024058_22,Archaea,Crenarchaeota,Nitrososphaeria,Nitrososphaerales,Nitrosopumilaceae,Unclassified Nitrosopumilaceae,Unclassified Nitrosopumilaceae,65.77,2.91,11.15396818,0.582885149,14,2436.547628,5,0.239225838,-0.156638921,r-strategist,1.509305062
3300023177_22,Archaea,Crenarchaeota,Bathyarchaeia,B26-1,B26-1,Unclassified B26-1,Unclassified B26-1,72.66,3.88,26.09810511,0.231071662,16,2049.078335,6,0.112768584,-0.805913935,r-strategist,3.334280878
3300010265_10,Archaea,Halobacterota,Methanosarcinia,Methanosarcinales,Methanosarcinaceae,Methanosarcina,Methanosarcina thermophila,95.43,1.31,24.41215091,0.439292839,14,4000.034856,5,0.109822253,-0.617585524,r-strategist,1.903456122
3300023101_8,Archaea,Halobacterota,Methanosarcinia,Methanosarcinales,Methanosarcinaceae,Methanosarcina,Methanosarcina sp003164755,68.44,2.61,31.88564275,0.389594824,29,13642.54337,18,0.028557345,-0.698396482,r-strategist,2.106752143
3300021472_22,Archaea,Crenarchaeota,Methanomethylicia,Unclassified Methanomethylicia,Unclassified Methanomethylicia,Unclassified Methanomethylicia,Unclassified Methanomethylicia,99.07,2.8,40.09282291,0.714854609,14,2746.841161,4,0.260246067,-0.128338112,r-strategist,1.285204539
3300020467_29,Archaea,Thermoplasmatota,Poseidoniia,Poseidoniales,Thalassoarchaeaceae,Thalassarchaeum,Thalassarchaeum sp002503055,68.93,1.6,31.94512364,0.198353576,14,7758.50082,5,0.025565967,-1.595927738,r-strategist,3.830630363
3300024353_30,Archaea,Halobacterota,Methanosarcinia,Methanosarcinales,Unclassified Methanosarcinales,Unclassified Methanosarcinales,Unclassified Methanosarcinales,90.85,3.92,15.25936742,0.646391909,13,3453.57506,3,0.187166023,-0.440155822,r-strategist,1.390225442
3300018062_12,Archaea,Halobacterota,Bog-38,Bog-38,Bog-38,Bog-38,Unclassified Bog-38,93.14,2.61,15.22441658,0.330083825,16,9500.740071,8,0.034742959,-1.037418963,r-strategist,2.43003226
3300025730_64,Archaea,Euryarchaeota,Thermococci,Methanofastidiosales,Methanofastidiosaceae,Methanofastidiosum,Unclassified Methanofastidiosum,86.52,4.97,15.82247287,0.635095229,22,6059.628102,12,0.104807625,-0.097587025,r-strategist,1.409692303
3300025600_31,Archaea,Halobacterota,Bog-38,Bog-38,Bog-38,Bog-38,Bog-38 sp003170935,87.09,1.31,24.68397695,0.745784277,13,14592.33093,5,0.051107961,-0.71992822,r-strategist,1.243974036
3300026875_5,Archaea,Euryarchaeota,Methanobacteria,Methanobacteriales,Methanobacteriaceae,Methanosphaera,Methanosphaera sp900322125,56.8,0.0,39.74483353,0.303751351,14,6233.591858,4,0.048728142,-1.227641937,r-strategist,2.61322621
3300026906_15,Archaea,Crenarchaeota,Thermoprotei,Thermoproteales,Thermocladiaceae,Caldivirga,Caldivirga sp001663375,58.88,0.79,41.2924278,0.345627412,22,3987.362058,12,0.086680719,-0.444288067,r-strategist,2.334926529
3300026882_3,Archaea,Crenarchaeota,Thermoprotei,Sulfolobales,Sulfolobaceae,Metallosphaera,Metallosphaera yellowstonensis,97.62,0.6,10.64991625,1.266080395,16,32528.60089,6,0.038922067,-0.529191566,r-strategist,0.8473147
3300026957_10,Archaea,Halobacterota,Halobacteria,Halobacteriales,Halobacteriaceae,Halobacterium,Unclassified Halobacterium,62.48,0.0,15.50505663,0.407002827,19,6004.328635,10,0.067784902,-0.559269602,r-strategist,2.029940701
3300027863_190,Archaea,Thermoplasmatota,Thermoplasmata,Thermoplasmatales,Thermoplasmataceae,B-DKE,Unclassified B-DKE,98.66,0.0,53.50361796,0.560825794,14,3380.450806,5,0.165902664,-0.332348655,r-strategist,1.556881784
3300027844_103,Archaea,Crenarchaeota,Nitrososphaeria,Nitrososphaerales,UBA57,UBA57,UBA57 sp002494565,85.92,3.88,29.61140633,0.829148255,14,3978.284428,4,0.208418546,-0.160371456,r-strategist,1.147878933
3300027364_2,Archaea,Crenarchaeota,Nitrososphaeria,Nitrososphaerales,Nitrososphaeraceae,Unclassified Nitrososphaeraceae,Unclassified Nitrososphaeraceae,83.98,1.29,16.58945145,0.568581045,17,4194.435637,8,0.135556031,-0.209998793,r-strategist,1.539740537
3300027784_101,Archaea,Thermoplasmatota,Thermoplasmata,Methanomassiliicoccales,Methanomethylophilaceae,UBA9915,Unclassified UBA9915,91.13,0.0,21.36824609,0.375970515,27,7304.42352,17,0.05147162,-0.48282945,r-strategist,2.171790563
3300027675_4,Archaea,Crenarchaeota,Nitrososphaeria,Nitrososphaerales,Nitrososphaeraceae,Unclassified Nitrososphaeraceae,Unclassified Nitrososphaeraceae,91.02,2.27,35.2427147,1.227517968,14,9306.311445,4,0.131901664,-0.188661876,r-strategist,0.865473358
3300026906_11,Archaea,Crenarchaeota,Thermoprotei,Geoarchaeales,Geoarchaeaceae,AAA261-N23,AAA261-N23 sp000375685,57.94,0.93,18.8817118,0.955747504,12,2415.56823,2,0.395661564,-0.121302968,r-strategist,1.033356624
3300028193_14,Archaea,Halobacterota,Methanosarcinia,Methanotrichales,Methanotrichaceae,Unclassified Methanotrichaceae,Unclassified Methanotrichaceae,92.81,0.65,25.92289167,1.598415805,11,7998.395637,2,0.199842053,-0.194593356,r-strategist,0.72588309
3300027773_45,Archaea,Crenarchaeota,Nitrososphaeria,Nitrososphaerales,Nitrososphaeraceae,Unclassified Nitrososphaeraceae,Unclassified Nitrososphaeraceae,88.05,0.97,16.65364567,1.129353017,12,6009.856057,3,0.187916816,-0.196083383,r-strategist,0.917081904
3300028398_52,Archaea,Thermoplasmatota,Thermoplasmata,Acidiprofundales,Aciduliprofundaceae,Unclassified Aciduliprofundaceae,Unclassified Aciduliprofundaceae,70.44,4.03,33.30598718,1.502165234,17,29513.40996,8,0.050897719,-0.21349399,r-strategist,0.755756752
3300027947_1,Archaea,Crenarchaeota,Nitrososphaeria,Nitrososphaerales,Nitrososphaeraceae,Unclassified Nitrososphaeraceae,Unclassified Nitrososphaeraceae,90.22,1.78,16.10866415,0.71949941,13,3977.746961,4,0.180881141,-0.283516277,r-strategist,1.278790986
3300027726_7,Archaea,Thermoplasmatota,E2,DHVEG-1,DHVEG-1,Unclassified DHVEG-1,Unclassified DHVEG-1,86.53,3.6,31.63831702,0.577254282,18,8254.27634,8,0.069933966,-0.490854692,r-strategist,1.521108575
3300027784_63,Archaea,Thermoplasmatota,Unclassified Thermoplasmatota,Unclassified Thermoplasmatota,Unclassified Thermoplasmatota,Unclassified Thermoplasmatota,Unclassified Thermoplasmatota,87.2,0.8,10.93510387,0.107528617,13,2612.626123,3,0.041157292,-1.876907891,r-strategist,6.786840052
3300027852_63,Archaea,Halobacterota,Syntrophoarchaeia,Unclassified Syntrophoarchaeia,Unclassified Syntrophoarchaeia,Unclassified Syntrophoarchaeia,Unclassified Syntrophoarchaeia,84.29,2.31,30.2472789,0.128728166,14,2236.226892,4,0.057564895,-1.528108708,r-strategist,5.724161327
3300027896_112,Archaea,Nanoarchaeota,Nanoarchaeia,Woesearchaeales,Unclassified Woesearchaeales,Unclassified Woesearchaeales,Unclassified Woesearchaeales,82.24,0.0,27.0975861,0.276757536,13,2671.643777,4,0.103590733,-0.940519648,r-strategist,2.837003578
3300027384_1,Archaea,Crenarchaeota,Nitrososphaeria,Nitrososphaerales,Nitrososphaeraceae,Unclassified Nitrososphaeraceae,Unclassified Nitrososphaeraceae,87.38,0.97,50.2804846,0.635505041,12,2175.249131,1,0.292152762,-0.731271005,r-strategist,1.408974196
3300025546_73,Archaea,Crenarchaeota,Thermoprotei,Thermoproteales,Thermoproteaceae,Thermoproteus,Thermoproteus sp002077075,62.58,1.84,33.77788795,0.335975706,24,8386.997917,14,0.040059114,-0.724862749,r-strategist,2.392952619
3300026762_3,Archaea,Crenarchaeota,Thermoprotei,Sulfolobales,Sulfolobaceae,Unclassified Sulfolobaceae,Unclassified Sulfolobaceae,73.21,1.79,23.35305063,0.689595089,14,4167.475601,4,0.165470696,-0.340624755,r-strategist,1.321566901
3300027907_39,Archaea,Crenarchaeota,Nitrososphaeria,Nitrososphaerales,Nitrososphaeraceae,Unclassified Nitrososphaeraceae,Unclassified Nitrososphaeraceae,98.06,1.94,28.22011957,0.580034948,15,7672.843273,6,0.075595829,-0.579896754,r-strategist,1.515251455
3300021512_15,Archaea,Crenarchaeota,Thermoprotei,Thermofilales,Unclassified Thermofilales,Unclassified Thermofilales,Unclassified Thermofilales,70.59,0.74,14.96760837,0.615863248,21,6008.298236,11,0.10250211,-0.15839022,r-strategist,1.444449839
3300027950_2,Archaea,Crenarchaeota,Nitrososphaeria,Nitrososphaerales,Nitrososphaeraceae,Unclassified Nitrososphaeraceae,Unclassified Nitrososphaeraceae,84.95,1.29,16.02065742,0.731147231,16,6312.353871,6,0.115827985,-0.294030408,r-strategist,1.263059357
3300027082_6,Archaea,Halobacterota,Halobacteria,Halobacteriales,Haloarculaceae,Natronomonas,Unclassified Natronomonas,97.87,3.57,20.31568,0.373787694,21,6363.809192,11,0.058736471,-0.617074466,r-strategist,2.182648066
3300026195_26,Archaea,Halobacterota,Methanomicrobia,Methanomicrobiales,Methanocullaceae,Methanoculleus,Methanoculleus sp001896715,61.21,1.01,46.25999748,0.830561625,11,6751.339592,2,0.123021752,-0.689616236,r-strategist,1.146412539
3300027276_52,Archaea,Thermoplasmatota,Thermoplasmata,Methanomassiliicoccales,Methanomethylophilaceae,ISO4-G1,Unclassified ISO4-G1,97.18,0.81,23.50519863,0.226012925,14,3599.347213,3,0.062792754,-1.370835936,r-strategist,3.40165919
3300027801_59,Archaea,Thermoplasmatota,Poseidoniia,Poseidoniales,Thalassoarchaeaceae,MGIIb-O3,Unclassified MGIIb-O3,51.73,0.27,20.00646697,0.450617379,15,6310.086878,6,0.071412231,-0.714268213,r-strategist,1.863352746
3300013129_67,Archaea,Thermoplasmatota,E2,DHVEG-1,DHVEG-1,Unclassified DHVEG-1,Unclassified DHVEG-1,71.73,2.4,18.48290077,0.327026454,14,3577.909742,4,0.091401538,-0.922403619,r-strategist,2.44979674
3300012889_8,Archaea,Halobacterota,Methanosarcinia,Methanosarcinales,Methanosarcinaceae,Methanosarcina,Unclassified Methanosarcina,84.37,2.94,15.79884256,1.115860592,12,4012.791987,2,0.278075862,-0.207196771,r-strategist,0.924860131
3300003369_16,Archaea,Halobacterota,Bog-38,Bog-38,Bog-38,Bog-38,Bog-38 sp003170935,89.81,2.29,56.81802363,0.105125362,18,6484.508278,9,0.016211771,-1.814219533,r-strategist,6.934330271
3300012104_4,Archaea,Halobacterota,Halobacteria,Halobacteriales,Haloferacaceae,Halohasta,Unclassified Halohasta,83.39,4.94,37.37020188,0.199056575,15,845.3586964,5,0.235469956,-0.630117966,r-strategist,3.818255164
3300005977_15,Archaea,Crenarchaeota,Nitrososphaeria,UBA164,Unclassified UBA164,Unclassified UBA164,Unclassified UBA164,89.32,0.0,30.02920804,0.405789703,15,3173.104642,6,0.127884123,-0.506731098,r-strategist,2.035081578
3300005326_86,Archaea,Nanoarchaeota,Nanoarchaeia,Woesearchaeales,CG08-08-20-14,Unclassified CG08-08-20-14,Unclassified CG08-08-20-14,82.71,0.0,27.78358162,0.777504331,14,2540.188785,3,0.306081318,-0.146339106,r-strategist,1.20503259
3300005275_35,Archaea,Crenarchaeota,Thermoprotei,Thermofilales,Unclassified Thermofilales,Unclassified Thermofilales,Unclassified Thermofilales,53.68,0.0,16.8371007,0.459693081,14,4836.67976,5,0.095043109,-0.660641395,r-strategist,1.832626058
3300012886_51,Archaea,Euryarchaeota,Methanobacteria,Methanobacteriales,Methanobacteriaceae,Methanobacterium,Unclassified Methanobacterium,62.4,0.0,23.28152289,1.026651235,14,9584.679136,4,0.107113782,-0.35667172,r-strategist,0.981260055
3300017989_94,Archaea,Aenigmarchaeota,Aenigmarchaeia,Unclassified Aenigmarchaeia,Unclassified Aenigmarchaeia,Unclassified Aenigmarchaeia,Unclassified Aenigmarchaeia,78.04,0.0,22.99409366,0.456076645,20,3492.164435,10,0.130599991,-0.225019018,r-strategist,1.84472473
3300010281_31,Archaea,Euryarchaeota,Methanobacteria,Methanobacteriales,Methanothermobacteriaceae,Methanothermobacter,Methanothermobacter sp000828575,82.84,2.58,28.51369425,0.680206071,13,2792.681695,4,0.243567347,-0.17868044,r-strategist,1.335758742
3300013755_7,Archaea,Euryarchaeota,Methanobacteria,Methanobacteriales,Methanothermobacteriaceae,Methanothermobacter,Methanothermobacter sp000828575,58.01,1.6,15.59547545,0.44556061,13,6004.699808,3,0.074201979,-1.003556467,r-strategist,1.881010653
3300026119_29,Archaea,Crenarchaeota,Nitrososphaeria,Nitrososphaerales,UBA57,UBA57,UBA57 sp002494565,92.72,0.97,36.95035755,0.284377651,13,4202.265184,3,0.067672467,-1.238571275,r-strategist,2.769550163
3300017400_26,Archaea,Crenarchaeota,Thermoprotei,Desulfurococcales,NBVN01,Unclassified NBVN01,Unclassified NBVN01,96.2,2.11,30.4368716,0.56934735,22,7006.132581,12,0.081264142,-0.255542497,r-strategist,1.538071801
3300028564_32,Archaea,Halobacterota,Methanosarcinia,Methanotrichales,Methanotrichaceae,Methanothrix,Unclassified Methanothrix,96.08,2.66,17.96925916,0.701425518,14,5975.111835,5,0.117391195,-0.385412911,r-strategist,1.304216276
3300028276_8,Archaea,Halobacterota,Methanomicrobia,Methanomicrobiales,Methanospirillaceae,Unclassified Methanospirillaceae,Unclassified Methanospirillaceae,77.91,1.53,14.87949783,0.122365407,16,3263.762762,5,0.037492127,-1.639431258,r-strategist,6.004475162
CTOTU15815,Archaea,Methanobacteriota,Methanobacteria,Methanobacteriales,Methanothermobacteraceae,Methanothermobacter,Methanothermobacter sp003584625,98.4,0.0,26.78093353,0.252934042,17,1019.212574,7,0.248166132,-0.357152165,r-strategist,3.073986534
CTOTU14511,Archaea,Halobacteriota,Archaeoglobi,Archaeoglobales,Archaeoglobaceae,WYZ-LMO2,WYZ-LMO2 sp011361745,87.09,0.65,18.23636559,0.153999424,15,3203.345464,5,0.04807456,-1.431595581,r-strategist,4.839275474
CTOTU11480,Archaea,Nanoarchaeota,Nanoarchaeia,SCGC-AAA011-G17,PNOQ01,PNOQ01,PNOQ01 sp018302135,58.2,1.39,30.89492272,0.145404251,14,6005.334729,4,0.024212514,-1.851323022,r-strategist,5.105769523
CTOTU16532,Archaea,Thermoproteota,Nitrososphaeria,Nitrososphaerales,Nitrososphaeraceae,TA-21,TA-21 sp014381105,92.96,2.43,12.88756412,0.416281368,13,665.7084276,1,0.625320863,-0.584510109,r-strategist,1.991603759
CTOTU11994,Archaea,Thermoproteota,Bathyarchaeia,40CM-2-53-6,40CM-2-53-6,BA-13,BA-13 sp005888675,66.5,2.43,37.57793793,0.629293202,15,7188.694788,4,0.087539285,-0.656883973,r-strategist,1.419957863
CTOTU11569,Archaea,Nanoarchaeota,Nanoarchaeia,Pacearchaeales,GW2011-AR1,GW2011-AR13,GW2011-AR13 sp9966u,65.29,1.83,17.11558361,0.399451557,16,1772.018526,5,0.225421772,-0.346570017,r-strategist,2.062444432
CTOTU17042,Archaea,Methanobacteriota,Methanobacteria,Methanobacteriales,Methanobacteriaceae,Methanobrevibacter,Methanobrevibacter sp900314615,96.0,0.0,26.38021315,0.452670426,20,8267.371126,9,0.054753853,-0.651560681,r-strategist,1.856295173
CTOTU19130,Archaea,Halobacteriota,Methanosarcinia,Methanosarcinales,Methanosarcinaceae,Methanosarcina,Methanosarcina thermophila,96.55,1.21,32.75988904,0.886345226,15,30260.13411,5,0.029290856,-0.886695025,r-strategist,1.092187468
CTOTU19732,Archaea,Halobacteriota,Methanomicrobia,Methanomicrobiales,Methanoculleaceae,Methanoculleus,Methanoculleus bourgensis,78.93,4.55,71.34940483,0.491052345,17,6357.88267,8,0.077235201,-0.517966943,r-strategist,1.735114305
CTOTU20975,Archaea,Thermoproteota,Nitrososphaeria,Nitrososphaerales,Nitrososphaeraceae,TA-21,Unclassified TA-21,85.76,2.1,29.74995959,0.673974279,17,6268.824314,8,0.10751207,-0.236809466,r-strategist,1.345392787
CTOTU10039,Archaea,Halobacteriota,Methanomicrobia,Methanomicrobiales,Methanospirillaceae,CAIYHQ01,CAIYHQ01 sp903926075,74.32,1.38,23.58596623,0.301145415,31,9006.721376,21,0.033435631,-0.674794923,r-strategist,2.633088085
CTOTU18003,Archaea,Halobacteriota,Methanosarcinia,Methanotrichales,Methanotrichaceae,Methanothrix,Methanothrix soehngenii,88.74,0.19,31.38484548,0.49516682,26,5440.400761,15,0.091016607,-0.170036561,r-strategist,1.723227416
CTOTU10770,Archaea,Thermoproteota,Thermoproteia,Thermoproteales,Thermoproteaceae,Pyrobaculum,Pyrobaculum aerophilum,100.0,0.74,8.226800246,0.594088961,14,6014.15997,4,0.098781702,-0.629412019,r-strategist,1.486475724
CTOTU12013,Archaea,Thermoproteota,Nitrososphaeria,Nitrososphaerales,Nitrososphaeraceae,TA-21,Unclassified TA-21,90.61,0.24,24.94341823,0.440493562,11,6311.193478,2,0.069795604,-1.211202368,r-strategist,1.899107222
CTOTU21689,Archaea,Thermoproteota,Bathyarchaeia,RBG-16-48-13,Unclassified RBG-16-48-13,Unclassified RBG-16-48-13,Unclassified RBG-16-48-13,72.57,3.88,20.31411674,0.736799792,13,1462.434021,2,0.503817458,-0.129347297,r-strategist,1.25560083
CTOTU10881,Archaea,Halobacteriota,Bog-38,Bog-38,Bog-38,Bog-38,Bog-38 sp003170935,97.22,1.31,47.76939078,0.318451007,14,7850.438079,5,0.040564744,-1.189838634,r-strategist,2.507246176
CTOTU21701,Archaea,Hadarchaeota,Hadarchaeia,Hadarchaeales,Hadarchaeaceae,Unclassified Hadarchaeaceae,Unclassified Hadarchaeaceae,67.0,0.0,49.68182106,0.972711946,13,3896.077346,2,0.249664434,-0.313629075,r-strategist,1.020220453
CTOTU16533,Archaea,Thermoproteota,Nitrososphaeria,Nitrososphaerales,Nitrososphaeraceae,TA-21,TA-21 sp014381105,80.22,0.49,28.6204928,0.34072829,25,3434.503879,14,0.099207426,-0.324919588,r-strategist,2.363971788
CTOTU21773,Archaea,SpSt-1190,SpSt-1190,SpSt-1190,SpSt-1190,SpSt-1190,SpSt-1190 sp011049195,99.87,0.0,14.64230214,0.878094628,12,5786.850135,4,0.151739652,-0.273299604,r-strategist,1.099783639
CTOTU21913,Archaea,Halobacteriota,Methanosarcinia,Methanotrichales,Methanotrichaceae,Methanothrix,Unclassified Methanothrix,64.67,1.71,42.44472985,0.339803497,12,5042.00574,3,0.067394508,-1.163026393,r-strategist,2.369547957
CTOTU21016,Archaea,Thermoproteota,Nitrososphaeria,Nitrososphaerales,Nitrososphaeraceae,TA-21,TA-21 sp014523495,92.39,0.97,25.39943952,0.505445466,14,4424.882168,4,0.114228006,-0.636493109,r-strategist,1.694368325
CTOTU11308,Archaea,Halobacteriota,Bog-38,Bog-38,Bog-38,Bog-38,Unclassified Bog-38,65.43,0.0,23.71862125,1.218566099,15,10335.21945,5,0.117904231,-0.143651515,r-strategist,0.869846944
CTOTU24189,Archaea,Halobacteriota,Archaeoglobi,Archaeoglobales,Archaeoglobaceae,Archaeoglobus,Unclassified Archaeoglobus,89.34,0.33,31.14648393,0.728282864,16,5262.465912,7,0.138391939,-0.151491073,r-strategist,1.266882221
CTOTU21672,Archaea,Thermoproteota,Nitrososphaeria,Nitrososphaerales,Nitrososphaeraceae,TH1177,Unclassified TH1177,95.63,0.97,7.748680085,0.353598412,14,7290.265283,4,0.048502818,-1.163662729,r-strategist,2.289378437
CTOTU25804,Archaea,Thermoproteota,Thermoproteia,Sulfolobales,NBVN01,DRZP01,Unclassified DRZP01,99.07,5.14,14.77798885,0.323196673,13,5410.751251,4,0.05973231,-1.112263814,r-strategist,2.475078974
CTOTU19607,Archaea,Halobacteriota,Methanosarcinia,Methanotrichales,Methanotrichaceae,MVQI01,MVQI01 sp002067795,80.78,1.61,42.12822384,0.18863156,16,16381.77184,5,0.011514723,-1.964162157,r-strategist,4.011205832
CTOTU29204,Archaea,Thermoproteota,Nitrososphaeria,Nitrososphaerales,Nitrososphaeraceae,UBA10452,Unclassified UBA10452,93.37,6.5,16.64833225,0.34887178,16,5008.185772,7,0.069660311,-0.769250709,r-strategist,2.316137931
CTOTU29206,Archaea,Thermoplasmatota,Thermoplasmata,RBG-16-68-12,RBG-16-68-12,RBG-16-68-12,Unclassified RBG-16-68-12,91.81,4.4,17.88114809,0.37374654,12,5337.050443,2,0.070028669,-1.28111695,r-strategist,2.182853978
CTOTU29034,Archaea,Thermoproteota,Nitrososphaeria,Nitrososphaerales,Nitrososphaeraceae,TH1177,Unclassified TH1177,83.69,1.94,23.49188748,0.774172653,20,8029.71375,11,0.096413481,-0.085631725,r-strategist,1.208975805
CTOTU28869,Archaea,Thermoproteota,Nitrososphaeria,Nitrososphaerales,Nitrososphaeraceae,TH5893,Unclassified TH5893,73.46,0.97,21.43092963,1.291505872,12,6000.060997,2,0.21524879,-0.254932899,r-strategist,0.835913532
CTOTU29266,Archaea,Thermoproteota,Bathyarchaeia,40CM-2-53-6,40CM-2-53-6,40CM-2-53-6,40CM-2-53-6 sp005882905,73.83,4.6,20.98205631,1.460884377,18,54048.11896,7,0.027029329,-0.558450854,r-strategist,0.769718134
CTOTU29120,Archaea,Thermoproteota,Nitrososphaeria,Nitrososphaerales,Nitrososphaeraceae,Nitrososphaera,Unclassified Nitrososphaera,92.23,2.91,36.22697739,0.751362411,14,3934.739628,4,0.190956069,-0.241157079,r-strategist,1.236892568
CTOTU3381,Archaea,Nanoarchaeota,Nanoarchaeia,Woesearchaeales,UBA9989,UBA9989,UBA9989 sp9989u,98.4,1.2,28.28676645,0.350977376,17,11203.98612,8,0.031326117,-1.05572433,r-strategist,2.304128806
CTOTU29074,Archaea,Thermoproteota,Nitrososphaeria,Nitrososphaerales,Nitrososphaeraceae,JAFAQB01,Unclassified JAFAQB01,51.85,0.0,30.4671643,0.511686459,15,5469.51749,5,0.093552395,-0.620971162,r-strategist,1.677405024
CTOTU25866,Archaea,Thermoproteota,Thermoproteia,Thermofilales,Thermofilaceae,Thermofilum,Thermofilum sp011364825,93.52,1.88,28.77755217,0.528374359,14,9759.72784,4,0.054138227,-0.941494248,r-strategist,1.633992376
CTOTU12004,Archaea,Thermoproteota,Nitrososphaeria,Nitrososphaerales,Nitrososphaeraceae,TA-21,Unclassified TA-21,72.82,2.43,15.39096802,0.140038121,16,8514.720718,7,0.01644659,-1.79257982,r-strategist,5.288708867
CTOTU28955,Archaea,Thermoproteota,Nitrososphaeria,Nitrososphaerales,Nitrososphaeraceae,Nitrososphaera,Unclassified Nitrososphaera,78.73,1.29,7.799780934,0.583475674,17,10004.28048,7,0.058322603,-0.62304231,r-strategist,1.508080208
CTOTU34888,Archaea,Altiarchaeota,Altiarchaeia,Altiarchaeales,Altiarchaeaceae,Altiarchaeum,Altiarchaeum hamiconexum,66.22,2.57,63.68529512,0.108565866,21,5366.606452,12,0.020229891,-1.579131902,r-strategist,6.725198717
3300022860_9,Archaea,Halobacterota,Methanosarcinia,Methanotrichales,Methanotrichaceae,Unclassified Methanotrichaceae,Unclassified Methanotrichaceae,59.51,0.0,16.46019088,0.723641923,12,1996.272741,3,0.36249652,-0.104051184,r-strategist,1.273139156
CTOTU35544,Archaea,Altiarchaeota,Altiarchaeia,Altiarchaeales,Altiarchaeaceae,Altiarchaeum,Altiarchaeum hamiconexum,95.95,2.8,69.32235967,0.385519427,13,1406.079371,3,0.274180416,-0.498796046,r-strategist,2.125728599
CTOTU39361,Archaea,Halobacteriota,Methanomicrobia,Methanomicrobiales,Methanoculleaceae,Methanoculleus,Unclassified Methanoculleus,75.61,0.16,53.27898041,0.643392384,17,5008.287419,7,0.128465547,-0.237639374,r-strategist,1.395328746
CTOTU39062,Archaea,Thermoproteota,Nitrososphaeria,Nitrososphaerales,Nitrososphaeraceae,TH1177,Unclassified TH1177,72.53,0.0,17.1710184,0.51926284,14,2069.007077,5,0.250971998,-0.186017483,r-strategist,1.657353761
CTOTU39349,Archaea,Methanobacteriota,Methanococci,Methanococcales,Methanococcaceae,Methanothermococcus,Methanothermococcus thermolithotrophicus,99.15,0.0,34.48231669,0.571477464,17,8005.614186,7,0.071384587,-0.544298399,r-strategist,1.533456378
CTOTU40717,Archaea,Halobacteriota,Methanomicrobia,Methanomicrobiales,Methanoculleaceae,Methanoculleus,Methanoculleus bourgensis,96.93,0.65,16.63186199,0.393223097,14,1407.641035,4,0.279348987,-0.357153888,r-strategist,2.090186114
CTOTU39187,Archaea,Methanobacteriota,Methanococci,Methanococcales,Methanococcaceae,Methanococcus,Methanococcus maripaludis,99.5,0.0,24.92312246,0.406916404,14,2289.801776,5,0.177708135,-0.441817488,r-strategist,2.030305934
CTOTU46121,Archaea,Nanoarchaeota,Nanoarchaeia,SCGC-AAA011-G17,GW2011-AR20,JAGVZJ01,JAGVZJ01 sp018302725,89.5,0.16,47.20678923,2.035118777,14,30519.77906,5,0.066681963,-0.168431858,r-strategist,0.624315993
CTOTU39659,Archaea,Thermoplasmatota,Thermoplasmata,Methanomassiliicoccales,Methanomethylophilaceae,RumEn-M2,RumEn-M2 sp002502965,98.66,0.0,21.03734806,0.188872394,21,3852.437377,12,0.049026727,-0.95421737,r-strategist,4.006508589
CTOTU51874,Archaea,Halobacteriota,Methanomicrobia,Methanomicrobiales,Methanoculleaceae,Methanoculleus,Methanoculleus sp002497965,98.04,0.65,12.74055641,0.954810655,23,32010.17531,13,0.029828348,-0.431510187,r-strategist,1.034095287
CTOTU46042,Archaea,Nanoarchaeota,Nanoarchaeia,Woesearchaeales,UBA12501,Unclassified UBA12501,Unclassified UBA12501,66.59,0.0,19.78376584,0.467925428,15,7665.887044,5,0.061039959,-0.845239119,r-strategist,1.80577555
CTOTU51896,Archaea,Halobacteriota,Methanosarcinia,Methanotrichales,Methanotrichaceae,Methanothrix,Methanothrix harundinacea,86.44,1.61,29.16522444,1.03795163,17,22347.19692,7,0.046446614,-0.471770785,r-strategist,0.973596254
CTOTU11285,Archaea,Thermoproteota,Nitrososphaeria,Nitrososphaerales,Nitrososphaeraceae,TA-21,Unclassified TA-21,86.26,2.59,17.22271553,1.007127675,13,6519.384308,4,0.154482023,-0.205977531,r-strategist,0.994893816
CTOTU2950,Archaea,Nanoarchaeota,Nanoarchaeia,Woesearchaeales,UBA9989,UBA9989,UBA9989 sp9989u,82.58,2.64,19.19190562,0.939237582,16,9450.755945,6,0.09938227,-0.251764374,r-strategist,1.046583907
CTOTU51120,Archaea,Halobacteriota,Methanomicrobia,Methanomicrobiales,Methanoculleaceae,Methanoculleus,Methanoculleus thermophilus,98.66,2.59,47.6670135,0.837859769,12,3003.381667,3,0.278972126,-0.154146596,r-strategist,1.138917541
CTOTU7243,Archaea,Halobacteriota,Methanomicrobia,Methanomicrobiales,Methanoculleaceae,Methanoculleus,Methanoculleus sp002497965,96.77,1.29,20.11347632,0.266656864,17,5699.420749,8,0.046786661,-1.000835196,r-strategist,2.932329861
3300027835_101,Archaea,Aenigmarchaeota,Aenigmarchaeia,GW2011-AR5,Unclassified GW2011-AR5,Unclassified GW2011-AR5,Unclassified GW2011-AR5,75.86,3.43,23.77658481,0.367591465,12,2897.543868,2,0.126863123,-1.030269185,r-strategist,2.214165981
3300017963_69,Archaea,Aenigmarchaeota,Aenigmarchaeia,Unclassified Aenigmarchaeia,Unclassified Aenigmarchaeia,Unclassified Aenigmarchaeia,Unclassified Aenigmarchaeia,83.11,0.0,42.0954326,0.569282238,21,8218.598559,13,0.069267556,-0.290199148,r-strategist,1.538213421
CTOTU39119,Archaea,Methanobacteriota,Methanococci,Methanococcales,Methanococcaceae,Methanococcus,Methanococcus maripaludis,99.5,0.0,24.92312246,0.406916404,32,8195.105486,21,0.04965359,-0.372324858,r-strategist,2.030305934
CTOTU44331,Archaea,Thermoplasmatota,Thermoplasmata,Methanomassiliicoccales,Methanomethylophilaceae,MX-02,MX-02 sp006954405,94.32,0.19,36.51444397,0.310025734,14,4026.699118,5,0.076992525,-0.923183686,r-strategist,2.566767051
CTOTU34274,Archaea,Iainarchaeota,Iainarchaeia,0-14-0-20-30-16,CSSED10-239,Forterrea,Forterrea multitransposorum,74.16,0.56,48.82127619,0.45963228,21,3404.623908,13,0.135002365,-0.093304749,r-strategist,1.832827907
CTOTU34601,Archaea,Iainarchaeota,Iainarchaeia,0-14-0-20-30-16,CSSED10-239,Forterrea,Forterrea multitransposorum,95.23,0.0,50.77562886,0.362932257,20,2407.815634,8,0.150730916,-0.358882105,r-strategist,2.23856947
3300000192_15,Archaea,Crenarchaeota,Nitrososphaeria,Nitrososphaerales,Nitrosopumilaceae,Nitrosopumilus,Unclassified Nitrosopumilus,65.7,0.97,42.72094173,0.348403508,17,13083.25869,8,0.026629719,-1.129460904,r-strategist,2.318828291
3300000200_7,Archaea,Crenarchaeota,Nitrososphaeria,Nitrososphaerales,Nitrosopumilaceae,Nitrosopumilus,Unclassified Nitrosopumilus,83.92,1.29,26.46612875,0.278907088,16,19754.05174,7,0.014118981,-1.559639044,r-strategist,2.817604166
2022920002_3,Archaea,Crenarchaeota,Thermoprotei,Desulfurococcales,Acidilobaceae,Acidilobus,Acidilobus sp000495735,80.7,1.27,23.68791326,0.220235536,14,7301.394379,4,0.03016349,-1.575571026,r-strategist,3.482383401
3300005300_15,Archaea,Halobacterota,Archaeoglobi,Archaeoglobales,Archaeoglobaceae,Archaeoglobus,Unclassified Archaeoglobus,100.0,0.0,32.34302429,0.300217126,16,9996.239665,6,0.030033006,-1.266814484,r-strategist,2.640246169
3300009503_157,Archaea,Thermoplasmatota,Thermoplasmata,Methanomassiliicoccales,Unclassified Methanomassiliicoccales,Unclassified Methanomassiliicoccales,Unclassified Methanomassiliicoccales,90.32,2.15,25.99150915,0.482001147,16,2005.200195,6,0.240375574,-0.157910344,r-strategist,1.761969965
3300010882_50,Archaea,Crenarchaeota,Bathyarchaeia,B26-1,UBA233,Unclassified UBA233,Unclassified UBA233,92.16,2.43,13.12257546,0.719216058,14,3015.567715,4,0.238501047,-0.163590343,r-strategist,1.279179912
3300009503_185,Archaea,Crenarchaeota,Bathyarchaeia,40CM-2-53-6,Unclassified 40CM-2-53-6,Unclassified 40CM-2-53-6,Unclassified 40CM-2-53-6,74.79,0.93,32.35473368,0.675954762,12,2582.229842,3,0.261771726,-0.275038378,r-strategist,1.342312136
3300017400_56,Archaea,Nanoarchaeota,Nanoarchaeia,Unclassified Nanoarchaeia,Unclassified Nanoarchaeia,Unclassified Nanoarchaeia,Unclassified Nanoarchaeia,80.84,0.0,8.233606858,0.453609174,19,6930.730912,10,0.065448966,-0.527415379,r-strategist,1.853089202
3300020109_94,Archaea,Crenarchaeota,Nitrososphaeria,Nitrososphaerales,Nitrosopumilaceae,Nitrosotenuis,Unclassified Nitrosotenuis,91.91,1.94,12.40429293,1.480178136,14,8210.181698,3,0.180285673,-0.096603544,r-strategist,0.763100289
3300013881_7,Archaea,Thermoplasmatota,Thermoplasmata,Methanomassiliicoccales,Methanomethylophilaceae,UBA9915,UBA9915 sp9915u,99.6,0.0,23.18152009,0.642207884,14,4401.616986,4,0.145902718,-0.426200992,r-strategist,1.397356937
3300012950_77,Archaea,Crenarchaeota,Nitrososphaeria,Nitrososphaerales,Nitrosopumilaceae,Nitrosopumilus,Nitrosopumilus sp002730325,66.38,0.0,17.63289254,0.647088514,27,9760.69905,17,0.066295304,-0.137104618,r-strategist,1.389046917
3300000342_5,Archaea,Crenarchaeota,Thermoprotei,Sulfolobales,Sulfolobaceae,Sulfolobus,Sulfolobus islandicus,76.19,0.0,16.15363033,0.675186874,31,32520.97224,21,0.020761583,-0.531096244,r-strategist,1.34350448
3300021424_55,Archaea,Crenarchaeota,Nitrososphaeria,Nitrososphaerales,Nitrosopumilaceae,Nitrosotenuis,Unclassified Nitrosotenuis,98.71,1.94,24.02721474,0.141784493,26,6378.491875,15,0.022228529,-1.325369279,r-strategist,5.22765459
3300022188_34,Archaea,Iainarchaeota,Iainarchaeia,Unclassified Iainarchaeia,Unclassified Iainarchaeia,Unclassified Iainarchaeia,Unclassified Iainarchaeia,78.04,0.31,34.30990748,0.478010254,13,2894.115067,3,0.165166292,-0.625520113,r-strategist,1.774130863
3300022188_19,Archaea,Thermoplasmatota,Unclassified Thermoplasmatota,Unclassified Thermoplasmatota,Unclassified Thermoplasmatota,Unclassified Thermoplasmatota,Unclassified Thermoplasmatota,96.53,2.4,43.55683132,0.24917248,12,3255.698388,2,0.076534264,-1.41861402,r-strategist,3.115529849
3300022470_9,Archaea,Asgardarchaeota,Lokiarchaeia,Unclassified Lokiarchaeia,Unclassified Lokiarchaeia,Unclassified Lokiarchaeia,Unclassified Lokiarchaeia,92.06,3.74,28.93634565,0.900760037,16,6600.906861,6,0.136460043,-0.132234134,r-strategist,1.079241809
3300025462_17,Archaea,Crenarchaeota,Nitrososphaeria,UBA164,Unclassified UBA164,Unclassified UBA164,Unclassified UBA164,84.47,0.97,20.36976017,0.94915325,16,11003.12954,7,0.086262117,-0.241745508,r-strategist,1.038586042
3300025667_42,Archaea,Crenarchaeota,Nitrososphaeria,Nitrososphaerales,Nitrosopumilaceae,Nitrosopumilus,Unclassified Nitrosopumilus,68.45,1.94,26.13729149,0.354567199,14,9004.145165,5,0.039378219,-1.156075371,r-strategist,2.283981248
3300025792_7,Archaea,Crenarchaeota,Nitrososphaeria,Nitrososphaerales,Nitrososphaeraceae,Unclassified Nitrososphaeraceae,Unclassified Nitrososphaeraceae,74.27,2.99,20.70073052,0.410207312,13,2596.370839,5,0.157992574,-0.489389923,r-strategist,2.016506044
3300009503_203,Archaea,Crenarchaeota,Methanomethylicia,Methanomethyliales,Methanomethyliaceae,Methanosuratus,Unclassified Methanosuratus,85.51,0.0,31.72804295,0.44481253,24,3985.512253,14,0.111607367,-0.158002087,r-strategist,1.883656662
3300027625_19,Archaea,Thermoplasmatota,Thermoplasmata,UBA184,UBA184,UBA184,Unclassified UBA184,58.25,0.8,17.025005,0.125454327,19,849.1647236,8,0.147738505,-0.828930667,r-strategist,5.864844283
3300027742_39,Archaea,Halobacterota,NRA6,NRA6,NRA6,Unclassified NRA6,Unclassified NRA6,83.23,0.65,17.76204681,0.599937266,14,6000.069342,5,0.099988389,-0.522974585,r-strategist,1.474892888
3300028167_7,Archaea,Halobacterota,Methanosarcinia,Methanotrichales,Methanotrichaceae,Methanothrix,Unclassified Methanothrix,97.86,1.32,12.35076097,0.440994067,14,980.9686756,4,0.449549592,-0.100729654,r-strategist,1.897301369
3300027958_28,Archaea,Halobacterota,Methanomicrobia,Methanomicrobiales,Methanoregulaceae,Methanoregula,Unclassified Methanoregula,91.18,0.65,33.48427182,0.478397064,15,2320.812297,7,0.206133458,-0.160964967,r-strategist,1.772943406
3300029892_12,Archaea,Hadarchaeota,Hadarchaeia,Hadarchaeales,Hadarchaeaceae,Unclassified Hadarchaeaceae,Unclassified Hadarchaeaceae,84.27,4.12,21.32857559,0.70874411,12,3874.629714,3,0.182919185,-0.410130025,r-strategist,1.293767567
3300027858_38,Archaea,Halobacterota,Methanosarcinia,Methanosarcinales,ANME-2c,UBA203,UBA203 sp002506015,91.83,1.96,36.16386636,0.619339898,11,10034.27418,2,0.061722441,-1.116597851,r-strategist,1.43800921
CTOTU4072,Archaea,Thermoproteota,Nitrososphaeria,Nitrososphaerales,Nitrosopumilaceae,Nitrosotalea,Nitrosotalea sp001920395,90.94,0.0,39.39790149,0.549105347,13,10000.18917,4,0.054909496,-0.918636878,r-strategist,1.583693635
CTOTU2252,Archaea,Halobacteriota,Methanosarcinia,Methanosarcinales,Methanoperedenaceae,Methanoperedens,Unclassified Methanoperedens,82.8,2.83,34.1606111,1.873661264,12,6000.0,1,0.312276877,-0.232769094,r-strategist,0.656646239
CTOTU3459,Archaea,Nanoarchaeota,Nanoarchaeia,SCGC-AAA011-G17,GW2011-AR17,GW2011-AR17,GW2011-AR17 sp10136u,82.58,3.63,19.21715224,0.509070469,11,7863.415748,2,0.064739101,-1.181025432,r-strategist,1.684465353
3300027775_3,Archaea,Crenarchaeota,Nitrososphaeria,Nitrososphaerales,Nitrososphaeraceae,Unclassified Nitrososphaeraceae,Unclassified Nitrososphaeraceae,65.31,0.97,7.441526543,0.466806882,18,6574.218744,8,0.071005682,-0.576479662,r-strategist,1.809368743
CTOTU5364,Archaea,Methanobacteriota,Methanobacteria,Methanobacteriales,Methanobacteriaceae,Methanobrevibacter,Methanobrevibacter boviskoreani,60.34,0.86,20.95159713,0.732808802,18,7806.481207,8,0.093871846,-0.259383978,r-strategist,1.260855213
3300027552_2,Archaea,Crenarchaeota,Nitrososphaeria,Nitrososphaerales,Nitrososphaeraceae,Unclassified Nitrososphaeraceae,Unclassified Nitrososphaeraceae,79.29,2.91,11.72035537,0.888081392,12,6570.291437,3,0.13516621,-0.443557839,r-strategist,1.090606547
CTOTU7996,Archaea,Thermoplasmatota,Poseidoniia,Poseidoniales,Thalassarchaeaceae,MGIIb-O2,MGIIb-O2 sp902511005,93.67,1.12,67.79647617,0.327758091,17,4204.643551,8,0.077951457,-0.689532356,r-strategist,2.445033685
CTOTU10279,Archaea,Thermoplasmatota,E2,UBA202,JdFR-43,JdFR-43,Unclassified JdFR-43,64.12,2.26,18.32827931,0.662425141,35,30051.22435,24,0.0220432,-0.455377316,r-strategist,1.363718105
CTOTU14514,Archaea,Thermoproteota,Bathyarchaeia,B26-1,UBA233,DRVP01,DRVP01 sp011373965,95.33,2.18,40.58383252,1.01350142,17,52215.56029,7,0.01940995,-0.861053179,r-strategist,0.99038682
3300025847_42,Archaea,Halobacterota,Methanosarcinia,Methanotrichales,Methanotrichaceae,Methanothrix,Methanothrix soehngenii,84.24,1.66,8.203916998,0.651928393,13,9069.94789,5,0.071877854,-0.630234996,r-strategist,1.380927171
CTOTU15012,Archaea,Halobacteriota,Methanomicrobia,Methanomicrobiales,Methanoculleaceae,Methanoculleus,Methanoculleus sp001896715,95.45,2.3,36.34333879,0.12313074,17,12147.44567,7,0.010136348,-2.058653944,r-strategist,5.969227061
CTOTU16531,Archaea,Thermoproteota,Nitrososphaeria,Nitrososphaerales,Nitrososphaeraceae,TA-21,Unclassified TA-21,85.76,2.1,29.57934451,1.773959055,13,8999.013865,2,0.197128161,-0.155277742,r-strategist,0.679372521
CTOTU14383,Archaea,Thermoproteota,Nitrososphaeria,Nitrososphaerales,Nitrososphaeraceae,TH1177,Unclassified TH1177,66.83,0.97,13.68490352,0.437300975,16,41080.58018,7,0.010644956,-1.486977637,r-strategist,1.910722639
CTOTU21956,Archaea,Halobacteriota,Methanomicrobia,Methanomicrobiales,Methanoregulaceae,Methanoregula,Unclassified Methanoregula,87.84,2.36,45.78047399,0.979556118,13,7332.966481,3,0.133582517,-0.406099802,r-strategist,1.015046061
CTOTU19673,Archaea,Methanobacteriota,Thermococci,Methanofastidiosales,Methanofastidiosaceae,Methanofastidiosum,Methanofastidiosum sp001587595,89.44,1.49,11.85641596,0.332232977,16,4000.261775,5,0.083052809,-0.860232933,r-strategist,2.41635545
CTOTU25838,Archaea,Thermoproteota,Thermoproteia,Sulfolobales,Desulfurococcaceae,UBA285,UBA285 sp011364525,97.47,0.63,30.26516217,0.62829387,14,3007.989376,5,0.20887503,-0.182980648,r-strategist,1.421744826
CTOTU25879,Archaea,Hadarchaeota,Hadarchaeia,Hadarchaeales,DSZJ01,DSZJ01,DSZJ01 sp011367145,99.07,5.14,31.16104981,0.307355959,12,3088.278006,2,0.09952341,-1.213403117,r-strategist,2.586304977
CTOTU21864,Archaea,Halobacteriota,Methanomicrobia,Methanomicrobiales,Methanoregulaceae,Methanoregula,Unclassified Methanoregula,75.47,1.19,53.81410506,0.201210054,16,3285.851472,5,0.061235286,-1.210378569,r-strategist,3.780883362
CTOTU28488,Archaea,Thermoplasmatota,Thermoplasmata,UBA184,UBA184,UBA184,UBA184 sp002503985,64.69,2.56,37.49397507,0.431184805,18,6005.067032,9,0.071803496,-0.554948454,r-strategist,1.933450721
CTOTU29443,Archaea,Thermoplasmatota,Thermoplasmata,SG8-5,SG8-5,UBA147,Unclassified UBA147,96.0,3.6,30.4734387,0.466020189,12,2210.442742,3,0.210826628,-0.530548552,r-strategist,1.811906129
CTOTU25858,Archaea,Thermoproteota,Nitrososphaeria,Caldarchaeales,NZ13-MGT,EX4484-121,Unclassified EX4484-121,98.73,2.11,30.86399725,0.982347154,27,25918.33354,18,0.037901633,-0.173804587,r-strategist,1.012956079
CTOTU25718,Archaea,Thermoproteota,Nitrososphaeria,Caldarchaeales,Unclassified Caldarchaeales,Unclassified Caldarchaeales,Unclassified Caldarchaeales,95.47,0.0,15.62010176,0.312341579,14,5018.958974,4,0.062232343,-1.109294052,r-strategist,2.55008835
CTOTU38382,Archaea,Methanobacteriota,Methanobacteria,Methanobacteriales,Methanobacteriaceae,Methanobrevibacter,Methanobrevibacter smithii,97.26,0.24,52.35285296,0.297700836,15,5539.057071,6,0.053745761,-1.01772448,r-strategist,2.65987277
CTOTU39068,Archaea,Thermoproteota,Nitrososphaeria,Nitrososphaerales,Nitrosopumilaceae,Nitrosotalea,Unclassified Nitrosotalea,59.81,1.46,55.31109297,1.816037516,12,13238.02688,3,0.137183399,-0.126452372,r-strategist,0.669493467
CTOTU39653,Archaea,Thermoplasmatota,Thermoplasmata,Methanomassiliicoccales,Methanomassiliicoccaceae,DTU008,DTU008 sp002504525,95.98,1.05,42.09919886,1.21697516,16,12815.94662,6,0.094957883,-0.159036011,r-strategist,0.870630713
CTOTU39838,Archaea,Thermoplasmatota,Thermoplasmata,Methanomassiliicoccales,Methanomethylophilaceae,VadinCA11,VadinCA11 sp002505345,91.89,2.15,48.66691422,0.462951376,20,7624.316754,10,0.060720376,-0.551130172,r-strategist,1.821885812
CTOTU40475,Archaea,Methanobacteriota,Methanobacteria,Methanobacteriales,Methanobacteriaceae,UBA412,UBA412 sp002495685,96.8,0.8,33.24227139,0.294579478,31,4005.420818,19,0.073545201,-0.385489572,r-strategist,2.684682391
CTOTU40915,Archaea,Methanobacteriota,Methanobacteria,Methanobacteriales,Methanobacteriaceae,Methanobacterium,Methanobacterium sp002496805,80.6,3.27,32.95826799,0.447288626,14,2938.811136,3,0.152200535,-0.689874712,r-strategist,1.874932055
CTOTU42623,Archaea,Thermoplasmatota,Thermoplasmata,Methanomassiliicoccales,Methanomethylophilaceae,MX-02,MX-02 sp006954405,97.94,0.02,31.78763571,0.723569175,12,3477.886303,2,0.208048542,-0.521325271,r-strategist,1.273237861
CTOTU21867,Archaea,Halobacteriota,Methanosarcinia,Methanotrichales,Methanotrichaceae,Methanothrix,Unclassified Methanothrix,64.23,1.96,33.73233077,1.141849649,12,13516.3803,3,0.084478952,-0.538521302,r-strategist,0.910036345
CTOTU25651,Archaea,Thermoproteota,Thermoproteia,Sulfolobales,NBVN01,DRZP01,DRZP01 sp011373125,98.1,0.95,31.26312644,0.451894608,13,4173.436354,4,0.108278783,-0.708359484,r-strategist,1.858954665
CTOTU42963,Archaea,Thermoplasmatota,Thermoplasmata,Methanomassiliicoccales,Methanomethylophilaceae,MX-02,MX-02 sp006954405,78.89,1.74,52.58466682,0.517628212,15,10178.20902,5,0.050856512,-0.880665485,r-strategist,1.66163081
CTOTU51055,Archaea,Thermoplasmatota,Thermoplasmata,Methanomassiliicoccales,Methanomassiliicoccaceae,DTU008,DTU008 sp001512965,99.02,0.0,17.24788368,0.556289693,16,6379.183306,6,0.087203905,-0.536011805,r-strategist,1.56712637
CTOTU25652,Archaea,Thermoproteota,Thermoproteia,Sulfolobales,Desulfurococcaceae,UBA285,UBA285 sp011380285,95.2,0.0,12.13731154,0.184381628,17,6012.19959,7,0.030667915,-1.402500061,r-strategist,4.096110878
CTOTU25798,Archaea,Thermoproteota,Thermoproteia,Sulfolobales,Ignisphaeraceae,Ignisphaera,Ignisphaera aggregans,91.53,0.0,48.11723167,2.234840728,14,39227.6365,4,0.056971078,-0.293038996,r-strategist,0.590425188
CTOTU40972,Archaea,Halobacteriota,Methanomicrobia,Methanomicrobiales,Methanoculleaceae,Methanoculleus,Methanoculleus sp002508705,61.78,0.42,43.25470888,0.471505012,16,3450.300696,6,0.136656209,-0.412733069,r-strategist,1.794389983
